{
    "accuracy": 0.6783536585365854,
    "precision": 0.627906976744186,
    "recall": 0.3319672131147541,
    "f1score": 0.4343163538873995
}